,Missing Courses
0,OSH-9045-ONLINE (REV 1)
1,LGL-1003-ONLINE
2,WL-FIRE-003
3,900-510000-MCP-015 (REV 1)
4,SECU-1008-ONLINE (REV 3.9)
5,FD-4001
6,RP-G4-ONLINE (REV 2.6)
7,TD-1016-ONLINE (REV 1.4)
8,FIRE-1001-ONLINE (REV 4.5)
9,SECU-2008-ONLINE (REV 1.3)
10,ERM-1001-ONLINE (REV 1.3)
11,TD-1018-ONLINE (REV 1.4)
12,TEST PF PASSING GRADE 0 (REV 1.0)
13,OSH-1006-VIRTUAL
14,RP-G4-ONLINE
15,CNL-1009-ONLINE (REV 1. 3)
16,OSH-1001-ONLINE (REV 1.4)
17,EMP-2021-ONLINE-CRL (REV 1.3)
18,OSH-9031-ONLINE (REV 1)
19,EMP-1037-ONLINE (REV 0.1)
20,EMP-2021-ONLINE-CRL
21,LGL-1003-ONLINE (REV 3.2)
22,OSH-1102-ONLINE (REV 1.1)
23,TDG-1007-H-EXAM (REV 1.1)
24,OSH-9044-ONLINE (REV 1)
25,RP-G4-ONLINE (REV 2.7)
26,PHAI-1056-ONLINE (REV 1.3)
27,BAS-9002-ONLINE
28,OSH-1005-ONLINE (REV 1.6)
29,OPS-9030-ONLINE (REV 1)
30,OSH-9046-ONLINE (REV 1)
31,QUAL-1016-ONLINE (REV 2.2)
32,SECU-2008-ONLINE (REV 1.6)
33,OSH-1004-ONLINE (REV 1.3)
34,LGL-1003-ONLINE (REV 2.5)
35,WL-ESO-008
36,OSH-1004-ONLINE
37,SL-9002
38,SECU-2008-ONLINE (REV 1.2)
39,OPS-9015-ONLINE (REV 1)
40,FMC-3003
41,IT-1020-ONLINE (REV 1.0)
42,900-510000-MCP-015
43,HU-1036-ONLINE (REV 2.5)
44,TD-9030-ONLINE
45,OSH-3003-MULTI
46,OSH-3001-MULTI
47,TD-1016-ONLINE
48,LGL-1003-ONLINE (REV 3.3)
49,OSH-1042-ONLINE (REV 12.5)
50,EMP-2021-ONLINE-CRL (REV 1.2)
51,OSH-9070-ONLINE (REV 1)
52,ENG-1069-ONLINE
53,AECL-1001-ONLINE (REV3.1)
54,LGL-1003-ONLINE (REV 3.0)
55,NMMS-1011-ONLINE (REV 3.6)
56,SECU-2008-ONLINE (REV 1.0)
57,WMA-SS-AECL-MISC-306
58,WL-FIRE-013
59,WMA-3020
60,OSH-1001-ONLINE (REV 1.2)
61,TD-1018-ONLINE (REV 1.9)
62,RP-G3-REFRESHER-ONLINE (REV 1.4)
63,OSH-3002-MULTI
64,OSH-3002-H
65,EMP-1037-ONLINE (REV 0)
66,ENG-1069-ONLINE (REV 0.1)
67,OSH-9096-ONLINE (REV 1)
68,SECU-1001-ONLINE
69,OPEX-1005-ONLINE (REV 1.4)
70,NFFF-OJT-31-009
71,OSH-1034-ONLINE (REV 1.5)
72,QUAL-1014-ONLINE (REV 2)
73,CNL-1005-ONLINE (REV 1.3)
74,NFFF-OJT-32-08
75,PROC-1019-WL
76,FIN-1003-ONLINE (REV 1)
77,OSH-5001
78,OSH-1033-ONLINE (REV 1.3)
79,OSH-9076-ONLINE (REV 1)
80,OSH-9071-ONLINE (REV 1)
81,SECU-1008-ONLINE (REV 4.0)
82,HU-1036-ONLINE
83,TD-1018-ONLINE (REV 1.8)
84,OSH-1004-ONLINE (REV 1.1)
85,FIRE-1001-ONLINE (REV 4.4)
86,ERM-1004-ONLINE  (REV 1.2)
87,ENG-1069-ONLINE (REV 0)
88,ESO-UOF-002
89,NMMS-1010-ONLINE (REV 5.1)
90,OSH-1034-ONLINE (REV 1.3)
91,OSH-3004-CRL-B513
92,IT-1018-ONLINE (REV 1.1)
93,OSH-1002-ONLINE (REV 1.5)
94,SECU-1008-ONLINE (REV 3.5)
95,OSH-1005-ONLINE (REV 1.7)
96,OSH-9104-EXAM (REV.1)
97,OSH-1005-ONLINE (REV 1.4)
98,OSH-1003-ONLINE (REV 1.3)
99,RP-5008-CRL (REV 1)
100,LGL-1003-ONLINE (REV 2.2)
101,OSH-9102-ONLINE (REV. 1.0)
102,TEST-FITNESS (REV 1.0)
103,OSH-1003-ONLINE (REV 1.5)
104,QUAL-1013-ONLINE (REV 3)
105,TEST MAINT CAT KILO (REV 1.0)
106,TD-9030-ONLINE (REV 1.3)
107,900-508130-MCP-001 REV 2
108,IT-1024-ONLINE
109,WL-FIRE-010
110,WL-FIRE-008
111,WL-FIRE-002
112,NMMS-1010-ONLINE
113,RP-G4-ONLINE (REV 2.5)
114,NMMS-1002-07
115,OSH-3001-L
116,RP-G3-REFRESHER-ONLINE (REV 1.5)
117,TD-1018-ONLINE (REV 1.6)
118,FIRE-1019-CRL
119,SECU-1076-ONLINE
120,WL-FIRE-009
121,UC-JITT-009
122,ERM-1004-ONLINE (REV 1.10)
123,HR-1002-ONLINE (REV 1)
124,OPS-9018-ONLINE (REV 1)
125,BRF-1008-ONLINE (REV 1.2)
126,RP-G2-REFRESHER-ONLINE (REV 1.9)
127,OSH-1006
128,WL-FIRE-011
129,FD-1001-ONLINE (REV 1.1)
130,ESO-OJT-025
131,OSH-1034-ONLINE (REV.1.4)
132,LGL-1003-ONLINE (REV 3.1)
133,RP-1011-CRL-ONLINE (REV 1.2)
134,SECU-1006-ONLINE
135,OSH-9051-ONLINE (REV 1)
136,HR-9005
137,RP-5009-CRL
138,ESO-UOF-012
139,OSH-1003-ONLINE (REV 1.6)
140,FD-2001-B204
141,OSH-9104-ONLINE (REV.1)
142,SECU-1008-ONLINE (REV 3.8)
143,HR-9003
144,SECU-1053
145,NFFF-OJT-32-020
146,OSH-9034-ONLINE (REV 1)
147,OSH-9058-ONLINE (REV 1)
148,CNL-1009-ONLINE (REV 1.2)
149,FIRE-1001-ONLINE (REV 4.3)
150,OSH-9099-ONLINE
151,ENG-1042-ONLINE (REV 1.2)
152,HR-1002-ONLINE
153,PB-1001-ONLINE (REV 1.1)
154,FIN-1004-ONLINE (REV 1)
155,TEST EMP SPC (REV 1)
156,OSH-9089-ONLINE (REV 1.0)
157,PMO-9020
